nombre,tipo,ubicacion,lat,lng,status_entrada,status_salida,actividad_entrada,actividad_salida,prioridad_alerta,notas
ELAM FAW STEP JAL,taller,"Carretera Guadalajara-Nogales, Zapopan, Jalisco, Mexico",20.7207772153,-103.492542773,En Taller,Disponible,Mantenimiento,Esperando asignación,media,Oficina principal
ELAM FAW PUEBLA,taller,"Autopista México-Puebla, San José Las Flores, Puebla 72110, Mexico",19.0999848262,-98.2352222933,En Taller,Disponible,Mantenimiento,Esperando asignación,media,
ELAM FAW STEP MTY,taller,"Mex-54, Apodaca Centro, Apodaca, Nuevo León 66600, Mexico",25.7729188787,-100.189413,En Taller,Disponible,Mantenimiento,Esperando asignación,media,
ELAM FAW STEP  AGUASCALIENTES,taller,"Mex-45, Peñuelas, Aguascalientes 20340, Mexico",21.7360246531,-102.276630739,En Taller,Disponible,Mantenimiento,Esperando asignación,media,
ELAM FAW STEP LEON GTO,taller,"Carretera León-Silao, Fraccionamiento Los Jacales, León, Guanajuato 37683, Mexico",21.0329299178,-101.549863182,En Taller,Disponible,Mantenimiento,Esperando asignación,media,
ELAM FAW CULIACAN SIN,taller,"Boulevard Pedro Infante Cruz, Las Flores, Culiacán, Sinaloa 80104, Mexico",24.7777903847,-107.445647872,En Taller,Disponible,Mantenimiento,Esperando asignación,media,
ELAM FAW TOLUCA EDOMEX,taller,"Calle 2 De Abril Poniente 1210, Barrio San Francisco, San Mateo Atenco, México 52104, Mexico",19.2567541387,-99.5503250615,En Taller,Disponible,Mantenimiento,Esperando asignación,media,
FAW TRUCKS TEXCOCO EDOMEX,taller,"Avenida Benito Juárez, Fracc San Martín - Barr La Trinidad, Texcoco, México 56140, Mexico",19.5015879464,-98.8833447075,En Agencia,Disponible,Servicio agencia,Esperando asignación,media,
ELAM FAW PIRAMIDES EDOMEX,taller,"Carretera México-Texcoco, Tequisistlán, Tezoyuca, México 56020, Mexico",19.6000044868,-98.9385746035,En Taller,Disponible,Mantenimiento,Esperando asignación,media,
ELAM FAW VERACRUZ,taller,"Calle Paseo De Cosamaloapan 447, Tejería Centro, Veracruz, Veracruz De Ignacio De La Llave 91697, Mexico",19.1667918271,-96.2168206598,En Taller,Disponible,Mantenimiento,Esperando asignación,media,
ELAM LOGISTICS,taller,"Avenida Rubén Darío 761, Fracc Prados De Providencia, Guadalajara, Jalisco 44670, Mexico",20.6881222864,-103.385195858,En Taller,Disponible,Mantenimiento,Esperando asignación,media,
FAW TRUCKS QUERETARO,taller,"Distrito Federal, San Isidro Miranda, El Marqués, Querétaro 76246, Mexico",20.574408237,-100.331950193,En Agencia,Disponible,Servicio agencia,Esperando asignación,media,
CASA LIDER,cliente,"Paseo Torreón 1857, Fracc Colinas De San Javier, Guadalajara, Jalisco 44660, Mexico",20.7025407171,-103.395933289,Descargando,En Ruta,Entrega en curso,Tránsito,baja,
CASETA FELICIANO,caseta,"Mex-37D, La Unión De Isidoro Montes De Oca, Guerrero, Mexico",18.0067209227,-101.961931781,En Ruta,En Ruta,Tránsito autopista,Tránsito,baja,Peaje
CASETA No. 5 QRO.,caseta,"Mex-57D, San Juan Del Río, Querétaro, Mexico",20.2961111293,-99.9307992416,En Ruta,En Ruta,Tránsito autopista,Tránsito,baja,Peaje
CASETA TARETAN,caseta,"Camino A Patuan, Taretan, Michoacán De Ocampo, Mexico",19.3560686854,-101.917733863,En Ruta,En Ruta,Tránsito autopista,Tránsito,baja,Peaje
CASETA LAS CAÑAS,caseta,"Mex-37D, Arteaga, Michoacán De Ocampo, Mexico",18.5553334675,-101.970733719,En Ruta,En Ruta,Tránsito autopista,Tránsito,baja,Peaje
CASETA SANTA CASILDA,caseta,"Mex-37D, Gabriel Zamora, Michoacán De Ocampo, Mexico",19.1534546461,-101.978012905,En Ruta,En Ruta,Tránsito autopista,Tránsito,baja,Peaje
CASETA CUTO,caseta,"Autopista Cuitzeo Pátzcuaro, Morelia, Michoacán De Ocampo, Mexico",19.7115860945,-101.337126179,En Ruta,En Ruta,Tránsito autopista,Tránsito,baja,Peaje
CASETA CHAPULTEPEC,caseta,"Autopista Cuitzeo Pátzcuaro, Pátzcuaro, Michoacán De Ocampo, Mexico",19.5463986916,-101.535485979,En Ruta,En Ruta,Tránsito autopista,Tránsito,baja,Peaje
CASETA ZIRAHUEN,caseta,"Mex-14D, Pátzcuaro, Michoacán De Ocampo, Mexico",19.506159917,-101.659991217,En Ruta,En Ruta,Tránsito autopista,Tránsito,baja,Peaje
CASETA LIB MATEHUALA,caseta,"Carretera Matehuala-D. Arroyo, Matehuala, San Luis Potosí, Mexico",23.6651829709,-100.60580347,En Ruta,En Ruta,Tránsito autopista,Tránsito,baja,Peaje
CASETA VENTURA-EL PEYOTE,caseta,"Mex-57D, Villa Hidalgo, San Luis Potosí, Mexico",22.5238322097,-100.654914875,En Ruta,En Ruta,Tránsito autopista,Tránsito,baja,Peaje
CASETA LIB OTE. SLP,caseta,"Mex-57D, San Luis Potosí, Mexico",22.1306551618,-100.826243856,En Ruta,En Ruta,Tránsito autopista,Tránsito,baja,Peaje
CASETA CHICHIMEQUILLAS,caseta,"Mex-57D, El Marqués, Querétaro, Mexico",20.7067232607,-100.343980916,En Ruta,En Ruta,Tránsito autopista,Tránsito,baja,Peaje
CASETA QUERETARO- ARCO NORTE,caseta,"Mex-40D, Soyaniquilpan De Juárez, México, Mexico",20.0013848418,-99.4892592699,En Ruta,En Ruta,Tránsito autopista,Tránsito,baja,Peaje
CASETA ATLACOMULCO,caseta,"Mex-15D, Atlacomulco, México, Mexico",19.7638355505,-99.8551543732,En Ruta,En Ruta,Tránsito autopista,Tránsito,baja,Peaje
CASETA ATLACOMULCO-MARAVATIO,caseta,"San Lorenzo Tlacotepec-Atlacomulco, Temascalcingo, México, Mexico",19.8389083181,-99.9458256574,En Ruta,En Ruta,Tránsito autopista,Tránsito,baja,Peaje
CASETA EL DORADO,caseta,"Carretera Toluca-Atlacomulco, Toluca, México 50200, Mexico",19.4087617066,-99.7171991074,En Ruta,En Ruta,Tránsito autopista,Tránsito,baja,Peaje
CASETA LA MARQUEZA,caseta,"Río Honoko, Ocoyoacac, México, Mexico",19.2923306252,-99.4340125125,En Ruta,En Ruta,Tránsito autopista,Tránsito,baja,Peaje
CASETA LA VENTA EDOMEX,caseta,"Autopista Cuajimalpa-Naucalpan, Bosque Real Country Club, Huixquilucan, México 52774, Mexico",19.4324248365,-99.296131887,En Ruta,En Ruta,Tránsito autopista,Tránsito,baja,Peaje
CASETA TEPATITLAN,caseta,"Mex-80D, Tepatitlán De Morelos, Jalisco, Mexico",20.8253936281,-102.795344853,En Ruta,En Ruta,Tránsito autopista,Tránsito,baja,Peaje
CASETA XONACATLAN EDOMEX,caseta,"Edomex A-6D, Lerma, México, Mexico",19.3767694439,-99.5497060414,En Ruta,En Ruta,Tránsito autopista,Tránsito,baja,Peaje
CASETA CALDERON,caseta,"Slp-80D, Villa De Reyes, San Luis Potosí, Mexico",21.8142236097,-101.012832955,En Ruta,En Ruta,Tránsito autopista,Tránsito,baja,Peaje
CASETA LAGOS DE MORENO,caseta,"Mex-80D, Lagos De Moreno, Jalisco, Mexico",21.4911532071,-101.763252898,En Ruta,En Ruta,Tránsito autopista,Tránsito,baja,Peaje
CASETA HUACHICHIL COAH,caseta,"Carretera A Huachichil, Arteaga, Coahuila De Zaragoza, Mexico",25.2454556806,-100.801034652,En Ruta,En Ruta,Tránsito autopista,Tránsito,baja,Peaje
CASETA COSTA RICA,caseta,"Mex-15D, Culiacán, Sinaloa, Mexico",24.5709748219,-107.430027134,En Ruta,En Ruta,Tránsito autopista,Tránsito,baja,Peaje
CASETA OCOTLAN,caseta,"Mex-15D, Ocotlán, Jalisco, Mexico",20.4064529193,-102.738891627,En Ruta,En Ruta,Tránsito autopista,Tránsito,baja,Peaje
CASETA ECUANDUREO,caseta,"Mex-15D, Ecuandureo, Michoacán De Ocampo, Mexico",20.1757374311,-102.192095901,En Ruta,En Ruta,Tránsito autopista,Tránsito,baja,Peaje
CASETA SAN MARTIN TEXMELUCAN,caseta,"Mex-117D, San Martín Texmelucan, Puebla, Mexico",19.2968297858,-98.4110873728,En Ruta,En Ruta,Tránsito autopista,Tránsito,baja,Peaje
CASETA SAN MARTIN,caseta,"Mex-150D, San Martín Texmelucan, Puebla, Mexico",19.2436039889,-98.3856421765,En Ruta,En Ruta,Tránsito autopista,Tránsito,baja,Peaje
CASETA CONTEPEC,caseta,"Mex-15D, Contepec, Michoacán De Ocampo, Mexico",19.8771480844,-100.190474836,En Ruta,En Ruta,Tránsito autopista,Tránsito,baja,Peaje
CASETA ZINAPECUARO,caseta,"Mex-15D, Zinapécuaro, Michoacán De Ocampo, Mexico",19.902446175,-100.788893299,En Ruta,En Ruta,Tránsito autopista,Tránsito,baja,Peaje
CASETA JALOSTOTITLAN,caseta,"Mex-80D, Jalostotitlán, Jalisco, Mexico",21.1169176655,-102.458237831,En Ruta,En Ruta,Tránsito autopista,Tránsito,baja,Peaje
CASETA CAMARGO CHI,caseta,"Mex-45D, Camargo, Chihuahua, Mexico",27.7296513648,-105.198900298,En Ruta,En Ruta,Tránsito autopista,Tránsito,baja,Peaje
CASETA TLAXCALA,caseta,"Mex-14D, San Lorenzo Axocomanitla, Tlaxcala, Mexico",19.215112776,-98.2677468997,En Ruta,En Ruta,Tránsito autopista,Tránsito,baja,Peaje
CASETA PANINDICUARO,caseta,"Mex-15D, Panindícuaro Centro, Panindícuaro, Michoacán De Ocampo 58570, Mexico",19.9709680515,-101.758675354,En Ruta,En Ruta,Tránsito autopista,Tránsito,baja,Peaje
CASETA ZAVALZA  CHI,caseta,"Mex-49D, Jiménez, Chihuahua, Mexico",27.081482165,-104.841325476,En Ruta,En Ruta,Tránsito autopista,Tránsito,baja,Peaje
CASETA JIMENEZ CHI,caseta,"Mex-45D, Jiménez, Chihuahua, Mexico",27.2440556085,-104.933903635,En Ruta,En Ruta,Tránsito autopista,Tránsito,baja,Peaje
CASETA SAUCILLO CHI,caseta,"Mex-45D, Saucillo, Chihuahua, Mexico",28.0455008694,-105.329693299,En Ruta,En Ruta,Tránsito autopista,Tránsito,baja,Peaje
CASETA SACRAMENTO CHI,caseta,"Carretera Chihuahua Ciudad Juárez, Chihuahua, Mexico",28.8591903926,-106.215491789,En Ruta,En Ruta,Tránsito autopista,Tránsito,baja,Peaje
CASETA DE COBRO CTO MEXIQUENSE,caseta,"Circuito Exterior Mexiquense, Texcoco, México, Mexico",19.4372746624,-98.9995121673,En Ruta,En Ruta,Tránsito autopista,Tránsito,baja,Peaje
KIMBERLY CLARK SAN JUAN DEL RIO QRO,cliente,"Avenida Río San Juan 13, San Cayetano, San Juan Del Río, Querétaro 76806, Mexico",20.3829575533,-99.985197831,Descargando,En Ruta,Entrega en curso,Tránsito,baja,
DESAMEX TOLUCA,cliente,"Calle Niños Héroes, San Miguel Totoltepec, Toluca, México 50225, Mexico",19.3393001503,-99.5798827133,Descargando,En Ruta,Entrega en curso,Tránsito,baja,
TIENDA TECNO LLANTAS PUEBLA,cliente,"Calle 15 Norte, Barrio San Miguelito, Puebla 72090, Mexico",19.0516522692,-98.2077411417,Descargando,En Ruta,Entrega en curso,Tránsito,baja,
TECNO LLANTAS PUEBLA,cliente,"Calle 15 Norte 214, Barrio San Matías, Puebla 72090, Mexico",19.0511824096,-98.207981864,Descargando,En Ruta,Entrega en curso,Tránsito,baja,
TECNO LLANTAS LEON,cliente,"Calle Oro 420, San José Del Consuelo, León, Guanajuato 37200, Mexico",21.1601625781,-101.663583778,Descargando,En Ruta,Entrega en curso,Tránsito,baja,
"TBC DE MÉXICO, SLP",cliente,"Eje 114 120, Zona Industrial, San Luis Potosí 78395, Mexico",22.1157771716,-100.909310385,Descargando,En Ruta,Entrega en curso,Tránsito,baja,
PEISA FOODS PUEBLA,cliente,"Cerrada San Pablo 10953, Pueblo San Francisco Totimehuacan, Puebla 72595, Mexico",18.9717534731,-98.1982647212,Descargando,En Ruta,Entrega en curso,Tránsito,media,Cliente importante
GRUPO MAZA SLP,cliente,"Calle Precursores De La Revolución 64, Fracc Infonavit Los Arbolitos, San Luis Potosí 78398, Mexico",22.1181756303,-100.926053132,Descargando,En Ruta,Entrega en curso,Tránsito,media,Cliente importante
BODEGAS MG,cliente,"Avenida Poniente 134 828, Industrial Vallejo, Azcapotzalco, Ciudad De México 02300, Mexico",19.4941584694,-99.1696299283,Descargando,En Ruta,Entrega en curso,Tránsito,baja,
PARQUE INDUSTRIAL VALLE DE AGS,cliente,"Calle Municipio Jesús María, Jesús María, Aguascalientes, Mexico",21.9617741504,-102.281505254,Descargando,En Ruta,Entrega en curso,Tránsito,baja,
BROWN FORMAN SOLISTICA TECNOLOGY GDL,cliente,"Calle Paseo Del Norte, Zapopan, Jalisco, Mexico",20.7276570644,-103.491613813,Descargando,En Ruta,Entrega en curso,Tránsito,baja,
KELLOGS SAN JUAN DEL RIO,cliente,"Qro-100, El Marqués, Querétaro, Mexico",20.5619318795,-100.222107797,Descargando,En Ruta,Entrega en curso,Tránsito,media,Cliente importante
RECIC PAPEL EL GALLO NL,cliente,"Avenida Hermanos Gutiérrez De Lara, General Zuazua Centro, General Zuazua, Nuevo León 65750, Mexico",25.8898480341,-100.120566364,Descargando,En Ruta,Entrega en curso,Tránsito,baja,
JUGOS DEL VALLE LAGOS DE MORENO,cliente,"Libramiento, Lagos De Moreno, Jalisco, Mexico",21.3713033466,-101.967679567,Descargando,En Ruta,Entrega en curso,Tránsito,baja,
GRUPO VIDA EL ARENAL,cliente,"Calle Medina Ascencio, El Arenal, Jalisco, Mexico",20.7202252275,-103.67703672,Descargando,En Ruta,Entrega en curso,Tránsito,baja,
HEB CEDIS MONTERREY,cliente,"Avenida Metroalianza, General Escobedo, Nuevo León, Mexico",25.8348931982,-100.333698852,Descargando,En Ruta,Entrega en curso,Tránsito,baja,
KIMBERLY CLARK ECATEPEC EDOMEX,cliente,"Cerrada Calada De La Viga, Olímpica Jajalpa, Ecatepec De Morelos, México 55090, Mexico",19.5804860765,-99.0280710983,Descargando,En Ruta,Entrega en curso,Tránsito,baja,
RECICLADORA EL GALLO GDL,cliente,"Calle Colón, Fracc Parques De Santa María, Tlaquepaque, Jalisco 45609, Mexico",20.5929928908,-103.411603954,Descargando,En Ruta,Entrega en curso,Tránsito,baja,
WALMART CEDIS GDL,cliente,"Carretera Antigua Al Salto, Tlajomulco De Zúñiga, Jalisco, Mexico",20.4972127421,-103.268929773,Descargando,En Ruta,Entrega en curso,Tránsito,baja,
EMPAQUES MODERNOS LA PAZ EDOMEX,cliente,"Calle Álvaro Obregón, Ampliación Los Reyes, La Paz, México 56400, Mexico",19.35432562,-98.9818954643,Descargando,En Ruta,Entrega en curso,Tránsito,baja,
LA CORONA SANTA CATARINA,cliente,"Calle Bosque De Coníferas, Fracc Priv De Sta Catarina 1Er Sec, Santa Catarina, Nuevo León 66350, Mexico",25.68918492,-100.500323442,Descargando,En Ruta,Entrega en curso,Tránsito,baja,
DISTRIBUIDORA TEXTIL MB PUEBLA,cliente,"Privada Santa Rita 117, Santa Rosa, Puebla 72228, Mexico",19.0837123483,-98.1647557418,Descargando,En Ruta,Entrega en curso,Tránsito,baja,
DEPOSITO EL SECRETO,cliente,"Calle Tuxpan 3720, Residencial Flores Del Valle, Zapopan, Jalisco 45138, Mexico",20.7464069702,-103.442974859,Descargando,En Ruta,Entrega en curso,Tránsito,baja,
TEXTILES PUEBLA,cliente,"Calle Resurrección Norte 11A, Zona Industrial Resurrección, Puebla 72227, Mexico",19.0803302485,-98.1488165259,Descargando,En Ruta,Entrega en curso,Tránsito,baja,
TEQUILERA EL MILAGRO TEPATITLAN JAL.,cliente,"Jal-349, Tepatitlán De Morelos, Jalisco, Mexico",20.8386700899,-102.722630298,Descargando,En Ruta,Entrega en curso,Tránsito,baja,
SAMS WALMART AURRERA EDOMEX,cliente,"Calle Camelia, Peñitas, Atizapán De Zaragoza, México 52920, Mexico",19.5987003172,-99.2129653887,Descargando,En Ruta,Entrega en curso,Tránsito,baja,
RECICLAJES MIRAVALLE,cliente,"Carretera Panamericana, Fraccionamiento Olimpias 11, Guadalupe, Zacatecas 98613, Mexico",22.7509914278,-102.486312367,Descargando,En Ruta,Entrega en curso,Tránsito,baja,
EDSA PROMOTORES TEPOTZOTLAN,cliente,"Avenida De Las Torres, Barrio Texcacoa, Tepotzotlán, México 54605, Mexico",19.7084105801,-99.2089403142,Descargando,En Ruta,Entrega en curso,Tránsito,baja,
EMPAQUES MODERNOS EL SALTO,cliente,"Carretera A San José Del Castillo, Fraccionamiento Los Portales, El Salto, Jalisco 45681, Mexico",20.5384118879,-103.259132033,Descargando,En Ruta,Entrega en curso,Tránsito,baja,
NIAGARA BOTTING MTY,cliente,"Carretera Monterrey-Colombia, Salinas Victoria, Nuevo León, Mexico",25.9050709069,-100.293069641,Descargando,En Ruta,Entrega en curso,Tránsito,baja,
WALMART LA LUZ CUAUTITLAN,cliente,"Avenida De La Luz, Parque Industrial La Luz, Cuautitlán Izcalli, México 54716, Mexico",19.6974413829,-99.1976583106,Descargando,En Ruta,Entrega en curso,Tránsito,baja,
STRAP MEXICO INDOLEA,cliente,"Calle Siderúrgica, Parque Industrial Escobedo Ii, General Escobedo, Nuevo León 66062, Mexico",25.8037667219,-100.349305197,Descargando,En Ruta,Entrega en curso,Tránsito,baja,
NIAGARA BOTTING ZACOALCO,cliente,"Jal-402, Acatlán De Juárez, Zacoalco De Torres, Jalisco, Mexico",20.3442239044,-103.583138656,Descargando,En Ruta,Entrega en curso,Tránsito,baja,
CARNIVAL DE MEXICO,cliente,"Boulevard Everardo Márquez, Cbtis, Mineral De La Reforma, Hidalgo 42093, Mexico",20.0857312095,-98.7457999057,Descargando,En Ruta,Entrega en curso,Tránsito,baja,
GERBER QUERETARO,cliente,"Calle Epigmenio González, Zona Industrial La Montaña, Querétaro 76150, Mexico",20.608110825,-100.4068124,Descargando,En Ruta,Entrega en curso,Tránsito,baja,
JUGOS DEL VALLE CONVENTO SANTA CLARA,cliente,"Calle Libramiento Sur 2, Barrio Texcacoa, Tepotzotlán, México 54605, Mexico",19.7052150103,-99.2151200345,Descargando,En Ruta,Entrega en curso,Tránsito,baja,
GRUPO ROMO DIGITAL EDOMEX,cliente,"Grupo Romo Digital Cale Esfuerzo 5C, Naucalpan, 53489 Naucalpan de Juárez, Méx.",19.464530995,-99.2266324121,Descargando,En Ruta,Entrega en curso,Tránsito,baja,
BAE/WM/MTY,cliente,"Boulevard Licenciado José López Portillo, Los Altos, General Escobedo, Nuevo León 66052, Mexico",25.7974496198,-100.278841943,Descargando,En Ruta,Entrega en curso,Tránsito,baja,
WALMART  MTY,cliente,"Calle Texas, General Zuazua, Nuevo León, Mexico",25.8867072191,-100.233253893,Descargando,En Ruta,Entrega en curso,Tránsito,baja,
YT COMERCIAL,cliente,"Calle Río Cuautitlán, Barrio Tepanquiahuac, Teoloyucan, México 54783, Mexico",19.7203485629,-99.1949727947,Descargando,En Ruta,Entrega en curso,Tránsito,baja,
CTRO DIST SAMS CLUB CHALCO,cliente,"Calle Guadalupe Victoria 97, San Gregorio Cuautzingo, Chalco, México 56640, Mexico",19.2518575402,-98.8655513069,Descargando,En Ruta,Entrega en curso,Tránsito,baja,
NESTLE QUERETARO,cliente,"Avenida 5 De Febrero, Zona Industrial La Montaña, Querétaro 76150, Mexico",20.6070641803,-100.417037027,Descargando,En Ruta,Entrega en curso,Tránsito,baja,
NESTLE QUERETARO PTA 2,cliente,"Calle Camino Real 28, Zona Industrial La Montaña, Querétaro 76150, Mexico",20.608853953,-100.411179036,Descargando,En Ruta,Entrega en curso,Tránsito,baja,
NESTLE QUERETARO II,cliente,"Avenida 5 De Febrero 1404, Zona Industrial La Montaña, Querétaro 76130, Mexico",20.6076823586,-100.41823205,Descargando,En Ruta,Entrega en curso,Tránsito,baja,
CEDIS SORIANA MTY,cliente,"Calle Lázaro Cárdenas, Emiliano Zapata (La Zapatita), Salinas Victoria, Nuevo León 65515, Mexico",25.9021413009,-100.251351563,Descargando,En Ruta,Entrega en curso,Tránsito,baja,
DIPRODESA MTY,cliente,"Mex-53, Villa Paseo Del Carmen, Carmen, Nuevo León 66551, Mexico",25.9218644791,-100.373864583,Descargando,En Ruta,Entrega en curso,Tránsito,baja,
NESTLE LAGOS DE MORENO,cliente,"Calle Productividad, Lagos De Moreno, Jalisco, Mexico",21.3635069612,-101.967602032,Descargando,En Ruta,Entrega en curso,Tránsito,baja,
COCACOLA TLAQUEPAQUE,cliente,"Calle Metalúrgica 2691, Álamo Industrial, Tlaquepaque, Jalisco 45593, Mexico",20.6226091556,-103.327593864,Descargando,En Ruta,Entrega en curso,Tránsito,baja,
FARMACIAS GUADALAJARA MTY,cliente,"Monterrey-Villa De García, García, Nuevo León, Mexico",25.7764815815,-100.567712854,Descargando,En Ruta,Entrega en curso,Tránsito,baja,
ARCA COCA COLA  GDL,cliente,"Calle Manuel Román Alatorre 3331A, Jardines De Los Poetas, Guadalajara, Jalisco 44820, Mexico",20.6516972001,-103.292307992,Descargando,En Ruta,Entrega en curso,Tránsito,baja,
BEMIS EL ALAMO,cliente,"Avenida Oleoducto 3120, Álamo Industrial, Tlaquepaque, Jalisco 45593, Mexico",20.6216329979,-103.322883685,Descargando,En Ruta,Entrega en curso,Tránsito,baja,
BEMIS    A N C O R    ZACAPU,cliente,"Calle Colorines, Celanesa, Zacapu, Michoacán De Ocampo 58616, Mexico",19.8360633494,-101.773299586,Descargando,En Ruta,Entrega en curso,Tránsito,baja,
GRUPO MAZA AGUASCALIENTES,cliente,"Calle Municipio Jesús María, Jesús María, Aguascalientes, Mexico",21.9620998574,-102.283215576,Descargando,En Ruta,Entrega en curso,Tránsito,media,Cliente importante
GRUPO MAZA ZACATECAS,cliente,"Calle Industria, Fraccionamiento Parque Industrial, Guadalupe, Zacatecas 98605, Mexico",22.7378962251,-102.501672152,Descargando,En Ruta,Entrega en curso,Tránsito,media,Cliente importante
NEZTLE CAF TOLUCA,cliente,"Calle José Mariano Muciño Suárez 222, Fraccionamiento Los Héroes I, Toluca, México 50245, Mexico",19.3004190787,-99.580200809,Descargando,En Ruta,Entrega en curso,Tránsito,baja,
GRUPO CORPORATIVO PAPELERO NAVE 3,cliente,"Carretera La Brecha, Tepetlaoxtoc De Hidalgo, Tepetlaoxtoc, México 56070, Mexico",19.5687610509,-98.8313170279,Descargando,En Ruta,Entrega en curso,Tránsito,baja,
NESTLE CUATITLAN EDOMEX,cliente,"Calle Libramiento Ferronales, Barrio Puente Jabonero, Cuautitlán, México 54879, Mexico",19.663082271,-99.1821200343,Descargando,En Ruta,Entrega en curso,Tránsito,baja,
TECHNOSTEEL APODACA NL,cliente,"Calle Helios, Zona Industrial Interamerican, Apodaca, Nuevo León 66626, Mexico",25.778654838,-100.139872683,Descargando,En Ruta,Entrega en curso,Tránsito,baja,
PLANTA NESTLE TOLUCA,cliente,"Calle 1Ro De Mayo, Ejd Buenavista, Toluca, México 50071, Mexico",19.2884430468,-99.6161057606,Descargando,En Ruta,Entrega en curso,Tránsito,baja,
TEXTILES NAUCALPAN EDOMEX ENDIS,cliente,"Av. 5 de Mayo 29, Lomas de San Agustin, 53490 Naucalpan de Juárez, Méx.",19.4642101351,-99.2486039479,Descargando,En Ruta,Entrega en curso,Tránsito,baja,
COCACOLA SALTILLO,cliente,"Calzada Francisco I. Madero 1425, Saltillo Centro Sur, Saltillo, Coahuila De Zaragoza 25000, Mexico",25.428058905,-101.016041633,Descargando,En Ruta,Entrega en curso,Tránsito,baja,
TIENDAS 3B SAN ANTONIO ISLA METEPEC EDOMEX,cliente,"Toluca-Tenango De Arista, San Antonio La Isla, México, Mexico",19.1729322772,-99.5764815837,Descargando,En Ruta,Entrega en curso,Tránsito,baja,
CEDIS TIENDAS 3 B TULTITLAN EDOMEX,cliente,"Calle Camino A La Purísima, San Mateo Cuautepec, Tultitlán, México 54948, Mexico",19.6309600966,-99.1473080298,Descargando,En Ruta,Entrega en curso,Tránsito,baja,
NIAGARA CEDIS EDOMEX,cliente,"Mex-40D, Jilotepec, México, Mexico",19.9779025072,-99.5212593902,Descargando,En Ruta,Entrega en curso,Tránsito,baja,
MEXICANA DE ARROZ,cliente,"Los Villarreales-Mamulique, Salinas Victoria, Nuevo León, Mexico",26.0593992942,-100.301785351,Descargando,En Ruta,Entrega en curso,Tránsito,baja,
INDUSTRIAS NYC MTY,cliente,"Avenida Manuel Luis Barragán, Balcones De Anáhuac, San Nicolás De Los Garza, Nuevo León 66422, Mexico",25.7610149447,-100.307864018,Descargando,En Ruta,Entrega en curso,Tránsito,baja,
COCACOLA UNIVERSIDAD   MTY,cliente,"Avenida Alfonso Reyes, Regina, Monterrey, Nuevo León 64290, Mexico",25.7070506527,-100.314154243,Descargando,En Ruta,Entrega en curso,Tránsito,baja,
BOPISA LA VENTA JALISCO,cliente,"Jal-125, Zapopan, Jalisco, Mexico",20.7494164814,-103.540141047,Descargando,En Ruta,Entrega en curso,Tránsito,baja,
INTERNATIONAL PAPER TOLUCA,cliente,"Carretera Toluca-Atlacomulco 1534, Santa Cruz Atzacapotzaltongo, Toluca, México 50290, Mexico",19.3300485208,-99.6616636493,Descargando,En Ruta,Entrega en curso,Tránsito,baja,
FABRICA DE PLASTICOS ROMEX,cliente,"Avenida José Vicente Villada, Reforma, Lerma, México 52120, Mexico",19.3002640786,-99.5654853208,Descargando,En Ruta,Entrega en curso,Tránsito,baja,
GRUPO VIDA MONTERREY,cliente,"Avenida Día Del Trabajo 4724, Valle De Infonavit 2Do Sector, Monterrey, Nuevo León 64350, Mexico",25.7352556793,-100.378933718,Descargando,En Ruta,Entrega en curso,Tránsito,baja,
BODEGA DE CERVEZA   II,cliente,"Avenida Adolfo López Mateos 113, Villa De San Miguel, Guadalupe, Nuevo León 67110, Mexico",25.7040043368,-100.21527358,Descargando,En Ruta,Entrega en curso,Tránsito,baja,
TROGLO DE LEON,cliente,"Calle Jacaranda, Tlajomulco De Zúñiga, Jalisco, Mexico",20.4820776493,-103.272238703,Descargando,En Ruta,Entrega en curso,Tránsito,baja,
RANCHO EN CULIACAN,cliente,"Calle Primera, El Quince, Culiacán, Sinaloa 80300, Mexico",24.7006031284,-107.390254784,Descargando,En Ruta,Entrega en curso,Tránsito,baja,
MI ALMACEN EDOMEX,cliente,"Norte 35 697, Industrial Vallejo, Azcapotzalco, Ciudad De México 02300, Mexico",19.4820918943,-99.156983979,Descargando,En Ruta,Entrega en curso,Tránsito,baja,
Nueva geocerca,cliente,"Nl-28, Juárez, Nuevo León, Mexico",25.6739651892,-100.101471971,Descargando,En Ruta,Entrega en curso,Tránsito,baja,
KIMBERLY KLARC RAMOS ARISPE,cliente,"Mex-40, Ramos Arizpe, Coahuila De Zaragoza, Mexico",25.5964285843,-100.878387963,Descargando,En Ruta,Entrega en curso,Tránsito,baja,
GENESIS WELDING AND DESIGN SOLUTIONS,cliente,"Carretera Mezquital Santa Rosa 8236, Santa Rosa, Apodaca, Nuevo León 66604, Mexico",25.812207523,-100.223124038,Descargando,En Ruta,Entrega en curso,Tránsito,baja,
BIODIVERSIDAD INDUSTRIAL TOLUCA,cliente,"Calle Río Verdiguel 150, Barrio Tlacopa, Toluca, México 50010, Mexico",19.3076564299,-99.6389660872,Descargando,En Ruta,Entrega en curso,Tránsito,baja,
CONTEYOR ZAPOPAN,cliente,"Circuito San Eduardo 92, San Juan De Ocotán, Zapopan, Jalisco 45019, Mexico",20.7004596582,-103.45652763,Descargando,En Ruta,Entrega en curso,Tránsito,baja,
COCACOLA ARCA LAZARO CARDENAS MTY,cliente,"Avenida General Lázaro Cárdenas 1213, RIVERAS DEL RIO, Guadalupe, Nuevo León 67154, Mexico",25.6790576024,-100.230818901,Descargando,En Ruta,Entrega en curso,Tránsito,baja,
BODEGA 4 GUARD TOLUCA,cliente,"Avenida Industria Automotriz, El Coecillo, Toluca, México 50246, Mexico",19.2954273936,-99.5687933826,Descargando,En Ruta,Entrega en curso,Tránsito,baja,
GUADALAJARA GMPM,cliente,"Avenida Rubén Martínez 92, San José Del Quince, El Salto, Jalisco 45696, Mexico",20.5466049024,-103.295515067,Descargando,En Ruta,Entrega en curso,Tránsito,baja,
SMURFIT DE CARTON MTY,cliente,"Autopista Monterrey-Aeropuerto, Parque Industrial NeXXus Guadalupe, Guadalupe, Nuevo León 67114, Mexico",25.6945859892,-100.143401756,Descargando,En Ruta,Entrega en curso,Tránsito,baja,
TEQUILA EL PATRON ATOTONILCO JAL.,cliente,"Calle Emiliano Zapata, Atotonilco El Alto, Jalisco, Mexico",20.5285020244,-102.552419307,Descargando,En Ruta,Entrega en curso,Tránsito,baja,
PLAMI SA DE CV MEXICO,cliente,"Calle 9 No. 8 FRACC Alce Blanco, Zona Ind Industrial Alce Blanco, Naucalpan De Juárez, México 53370, Mexico",19.4805067329,-99.2298457821,Descargando,En Ruta,Entrega en curso,Tránsito,baja,
TAPI SA DE CV MEXICO,cliente,"13 Oriente, Francisco I Madero, Lerma, México 52106, Mexico",19.3105787579,-99.5579878849,Descargando,En Ruta,Entrega en curso,Tránsito,baja,
GRUPO MAZA QUERETARO,cliente,"Calle Epigmenio González 102, San Gregorio Zona Industrial la Montaña, Querétaro 76150, Mexico",20.6047274017,-100.410753046,Descargando,En Ruta,Entrega en curso,Tránsito,media,Cliente importante
COMERCIALIZADORA DE BOLSAS   MTY,cliente,"Privada Agustín Lara 214, Ladrillera, Monterrey, Nuevo León 64830, Mexico",25.6596584431,-100.278622947,Descargando,En Ruta,Entrega en curso,Tránsito,baja,
WALMART GDL BAE,cliente,"Carretera Guadalajara-Chapala, Tlajomulco De Zúñiga, Jalisco, Mexico",20.4371891432,-103.243278922,Descargando,En Ruta,Entrega en curso,Tránsito,baja,
INDOLEA  BODEGA GDL,cliente,"Calle Cerezo, Del Fresno, Guadalajara, Jalisco 44900, Mexico",20.6623289747,-103.373275498,Descargando,En Ruta,Entrega en curso,Tránsito,baja,
PLAMI TLAXCALA,cliente,"Avenida De Las Industrias, Barrio La Ciénega, Papalotla De Xicohténcatl, Tlaxcala 90796, Mexico",19.1625884702,-98.2259866534,Descargando,En Ruta,Entrega en curso,Tránsito,baja,
COSTCO SAN LUIS POTOSI,cliente,"Calle Parque Nacional Fray Diego 216, Garita De Jalisco, San Luis Potosí 78294, Mexico",22.1383523106,-101.007050559,Descargando,En Ruta,Entrega en curso,Tránsito,baja,
LANDSBERG JUAREZ,cliente,"1Ra Calle Aerojuárez 7850, Parque Industrial Aerojuarez, Juárez, Chihuahua 32696, Mexico",31.6223665286,-106.419199672,Descargando,En Ruta,Entrega en curso,Tránsito,baja,
LLANTAS HERRERA CULIACAN,cliente,"Boulevard Jesús Kumate Rodríguez, San Rafael, Culiacán, Sinaloa 80150, Mexico",24.7727664546,-107.44600838,Descargando,En Ruta,Entrega en curso,Tránsito,baja,
INDOLEA BODEGA MTY,cliente,"Calle Siderúrgica, Parque Industrial Escobedo Ii, General Escobedo, Nuevo León 66062, Mexico",25.8037667219,-100.349305197,Descargando,En Ruta,Entrega en curso,Tránsito,baja,
GRUPAK TOLUCA,cliente,"Calle 4 Norte, Parque Industrial Toluca 2000, Toluca, México 50233, Mexico",19.3836344801,-99.5693902482,Descargando,En Ruta,Entrega en curso,Tránsito,baja,
HELVEX ACABADOS II,cliente,Av. Ferrocarril Industrial Oriente 102 Apaseo el Grande,20.5332410108,-100.736604857,Descargando,En Ruta,Entrega en curso,Tránsito,baja,
PRODUCTOS MAVER COMPLEJO SAN MARTIN,cliente,"Carretera Las Pintas-San Martín De Las Flores, San Martín De Las Flores De Abajo, Tlaquepaque, Jalisco 45629, Mexico",20.5851598585,-103.288036843,Descargando,En Ruta,Entrega en curso,Tránsito,baja,
INDUSTRIAS ALIMENTICIAS FABP IXTAPALAPA,cliente,"Calle Francisco Villa 872, Santa María Aztahuacán, Iztapalapa, Ciudad De México 09500, Mexico",19.3515608627,-99.0366496735,Descargando,En Ruta,Entrega en curso,Tránsito,baja,
COMERCIALIZADORA MERC-IZTA,cliente,"Calle 4, Central De Abastos, Iztapalapa, Ciudad De México 09040, Mexico",19.3762327911,-99.0869052331,Descargando,En Ruta,Entrega en curso,Tránsito,baja,
SITSA MEXICO,cliente,"Boulevard Manuel Ávila Camacho, Zona Industrial Tlanepantla, Tlalnepantla De Baz, México 54030, Mexico",19.5439010312,-99.2118502774,Descargando,En Ruta,Entrega en curso,Tránsito,baja,
LAC RENOVARE,cliente,"Acceso 3, Zona Industrial Benito Juárez, Querétaro 76120, Mexico",20.6282508873,-100.433654489,Descargando,En Ruta,Entrega en curso,Tránsito,baja,
"TERRAFIL MEXICO,QTR",cliente,"Chichimequillas-Hacienda El Paraíso, El Marqués, Querétaro, Mexico",20.6197657212,-100.22129564,Descargando,En Ruta,Entrega en curso,Tránsito,baja,
Comercializadora MERC-IZTA,cliente,"Calle 4, Central De Abastos, Iztapalapa, Ciudad De México 09040, Mexico",19.3762847588,-99.0868827552,Descargando,En Ruta,Entrega en curso,Tránsito,baja,
COMERCIALIZADORA DE LLANTAS MM,cliente,"Carretera Guadalajara-Chapala, Tlajomulco De Zúñiga, Jalisco, Mexico",20.4956306466,-103.276166359,Descargando,En Ruta,Entrega en curso,Tránsito,baja,
LABORATORIOS MAVER,cliente,"Calle Altos Hornos 2019, Álamo Industrial, Tlaquepaque, Jalisco 45593, Mexico",20.6252389805,-103.331007092,Descargando,En Ruta,Entrega en curso,Tránsito,baja,
Distribuidora Arca Continental Los Altos,cliente,"Boulevard Lic Anacleto González Flores Sur 2145, Las Aguilillas, Tepatitlán De Morelos, Jalisco 47698, Mexico",20.7896489924,-102.773982756,Descargando,En Ruta,Entrega en curso,Tránsito,baja,
Laboratorios PiSA Cefalosporinas Fábrica,cliente,"Calle Francisco De Orellana 3665, Fraccionamiento Colón Industrial, Guadalajara, Jalisco 44930, Mexico",20.6391879037,-103.370493566,Descargando,En Ruta,Entrega en curso,Tránsito,baja,
DIMNSA GUADALAJARA,cliente,"Calle Río Oro, El Rosario, Guadalajara, Jalisco 44890, Mexico",20.6391635425,-103.328636286,Descargando,En Ruta,Entrega en curso,Tránsito,baja,
Empacadora La Merced,cliente,"Avenida Central 184, Zona Industrial Esfuerzo Nacional, Ecatepec De Morelos, México 55320, Mexico",19.5276968659,-99.0668792867,Descargando,En Ruta,Entrega en curso,Tránsito,baja,
VIVERES LA PILA,cliente,"Avenida De Las Torres 1, San Mateo, Tultitlán, México 54910, Mexico",19.639432569,-99.1375200058,Descargando,En Ruta,Entrega en curso,Tránsito,baja,
WATERVENDING  NACIONAL VER,cliente,"Avenida Cocoteros 676, Zona Industrial Bruno Pagliai, Veracruz, Veracruz De Ignacio De La Llave 91697, Mexico",19.1626871134,-96.2348302399,Descargando,En Ruta,Entrega en curso,Tránsito,baja,
Milenium Center Business Park,cliente,"Camino A Las Joyitas, Residencial Apodaca 1Er Sector, Apodaca, Nuevo León 66606, Mexico",25.7912616151,-100.176174171,Descargando,En Ruta,Entrega en curso,Tránsito,baja,
BIOFARMA NATURAL CMD,cliente,"Avenida Castillo Del Monzón, Fracc Parques Del Castillo, El Salto, Jalisco 45685, Mexico",20.5215539827,-103.243416114,Descargando,En Ruta,Entrega en curso,Tránsito,baja,
Coca-Cola San Isidro,cliente,"Boulevard Bosque De San Isidro, San José Del Bajío, Zapopan, Jalisco 45140, Mexico",20.7456717657,-103.386011725,Descargando,En Ruta,Entrega en curso,Tránsito,baja,
JDV La Luz Tepotzotlán,cliente,"Mex-57D, Teoloyucan, México, Mexico",19.737718167,-99.2146604415,Descargando,En Ruta,Entrega en curso,Tránsito,baja,
Arca Continetal-Ameca,cliente,"Avenida Patria Libre Oeste 305, Los Naranjos, Ameca, Jalisco 46688, Mexico",20.5373471434,-104.048254097,Descargando,En Ruta,Entrega en curso,Tránsito,baja,
ABARROTES CADENA,cliente,"Avenida Cactaceas, Santiago Miahuatlán, Puebla, Mexico",18.5138284999,-97.4354508965,Descargando,En Ruta,Entrega en curso,Tránsito,baja,
LABORATORIOS PISA TLAJOMULCO,cliente,"Calle Francisco Villa, Tlajomulco De Zúñiga, Jalisco, Mexico",20.4889340843,-103.55819268,Descargando,En Ruta,Entrega en curso,Tránsito,baja,
DISTRIBUIDORA ARCA CONTINENTAL SAN ISIDRO,cliente,"Boulevard Bosque De San Isidro, San José Del Bajío, Zapopan, Jalisco 45140, Mexico",20.7456927197,-103.386009304,Descargando,En Ruta,Entrega en curso,Tránsito,baja,
Cummins Meritor,cliente,"Calle Texas, General Zuazua, Nuevo León, Mexico",25.8879431231,-100.238316103,Descargando,En Ruta,Entrega en curso,Tránsito,baja,
ALIMENTARIA MEXICANA BEKAREM,cliente,"Calle San Bartolo 170, Ampliación Vicente Villada, Nezahualcóyotl, México 57710, Mexico",19.3989446673,-99.0119437566,Descargando,En Ruta,Entrega en curso,Tránsito,baja,
BLVD. AEROPUERTO MIGUEL ALEMÁN,cliente,"Privada Centro De Convenciones Ciem, Emiliano Zapata, Lerma, México 52110, Mexico",19.3092642684,-99.5583880902,Descargando,En Ruta,Entrega en curso,Tránsito,baja,
Comercial automotriz Meza,cliente,"Calle Españoles 50, La Duraznera, Tlaquepaque, Jalisco 45580, Mexico",20.5965410084,-103.324211134,Descargando,En Ruta,Entrega en curso,Tránsito,baja,
INDUSTRIAL COMERCIAL AGRICOLA DEL PACIFICO,cliente,"Calle Girasol 699, Mariano Otero, Zapopan, Jalisco 45067, Mexico",20.6286619551,-103.442205062,Descargando,En Ruta,Entrega en curso,Tránsito,baja,
BECAREM,cliente,"Calle Manuel Carrión Y Rubio, Zona Urb Sta Martha Acatitla Norte, Iztapalapa, Ciudad De México 09140, Mexico",19.3718187203,-99.0126806245,Descargando,En Ruta,Entrega en curso,Tránsito,baja,
"Landsberg ORORA - Div Chihuahua,",cliente,"Avenida Juan Ruíz De Alarcón Y Mendoza 326, Complejo Industrial Chihuahua, Chihuahua 31136, Mexico",28.7193232035,-106.121101276,Descargando,En Ruta,Entrega en curso,Tránsito,baja,
"Landsberg ORORA - Div Chihuahua,",cliente,"Avenida Juan Ruíz De Alarcón Y Mendoza 326, Complejo Industrial Chihuahua, Chihuahua 31136, Mexico",28.7193232035,-106.121101276,Descargando,En Ruta,Entrega en curso,Tránsito,baja,
Comercializadora Bermeo,cliente,"12 De Julio De 1859 1274, Leyes De Reforma 3Ra Sección, Iztapalapa, Ciudad De México 09310, Mexico",19.3796599918,-99.0747124445,Descargando,En Ruta,Entrega en curso,Tránsito,baja,
PROVEEDOR  INTERNACIONAL DE  QUIMICOS,cliente,"Avenida Jesús Jiménez Gallardo 41, Parque Industrial Xhala, Cuautitlán Izcalli, México 54714, Mexico",19.6856860437,-99.1985183113,Descargando,En Ruta,Entrega en curso,Tránsito,baja,
OXXO-Toluca,cliente,"Boulevard Doña Rosa, Emiliano Zapata, Lerma, México 52110, Mexico",19.2943710086,-99.5453398552,Descargando,En Ruta,Entrega en curso,Tránsito,baja,
Bostik Mexicana Naucalpan,cliente,"Calzada De La Naranja 154, Zona Ind Industrial Alce Blanco, Naucalpan De Juárez, México 53370, Mexico",19.4773506056,-99.2266857064,Descargando,En Ruta,Entrega en curso,Tránsito,baja,
BOSTIK ALMACEN,cliente,"Calzada De La Naranja 158, Zona Ind Industrial Alce Blanco, Naucalpan De Juárez, México 53370, Mexico",19.4777173162,-99.2277463442,Descargando,En Ruta,Entrega en curso,Tránsito,baja,
DIMNSA MEXICO,cliente,"Calle Valentín Gómez Farías 1, Loma Bonita, Cuautitlán, México 54879, Mexico",19.6495532501,-99.1799875583,Descargando,En Ruta,Entrega en curso,Tránsito,baja,
EL FRESNO CHILES SECOS,cliente,"Tamemes 40, Central De Abastos, Iztapalapa, Ciudad De México 09040, Mexico",19.3812627996,-99.0857549983,Descargando,En Ruta,Entrega en curso,Tránsito,baja,
SOYITA CEREAL,cliente,"Leyes De Reforma, Central De Abastos, Iztapalapa, Ciudad De México 09040, Mexico",19.3814629441,-99.0906681097,Descargando,En Ruta,Entrega en curso,Tránsito,baja,
TBC MEXICO 2,cliente,PARQUE INDUSTRIAL SAN LUIS POTOSI,22.0797297538,-100.881750445,Descargando,En Ruta,Entrega en curso,Tránsito,baja,
UGOS DEL VALLLE TEPOZOTLAN,cliente,"Mex-57D, Barrio Tlacateco, Tepotzotlán, México 54605, Mexico",19.7209056425,-99.208865623,Descargando,En Ruta,Entrega en curso,Tránsito,baja,
Distribuidora Arca Continental - Zapopan,cliente,"Avenida De Las Flores 24, Residencial Esencia, Zapopan, Jalisco 45013, Mexico",20.7217210856,-103.457747433,Descargando,En Ruta,Entrega en curso,Tránsito,baja,
Servicios Empresariales Zimag Monterrey,cliente,"Avenida Parque Industrial Monterrey 600, Intermex Industrial Campus Apodaca, Apodaca, Nuevo León 66000, Mexico",25.7668961777,-100.165423676,Descargando,En Ruta,Entrega en curso,Tránsito,baja,
GAS SAFE GAS ZAPOPAN JAL,cliente,"Carretera Guadalajara-Nogales, San Juan De Ocotán, Zapopan, Jalisco 45019, Mexico",20.7030247983,-103.461524084,Descargando,En Ruta,Entrega en curso,Tránsito,baja,
GAS GNU GNV  PERI LEJOS MORELIA,cliente,"Periférico Paseo De La República, Ricardo Flores Magón, Morelia, Michoacán De Ocampo 58147, Mexico",19.7044960418,-101.245088867,Descargando,En Ruta,Entrega en curso,Tránsito,baja,
GAS ENCO GNV TULTITLAN EDOMEX,cliente,"Vía José López Portillo, San Mateo Cuautepec, Tultitlán, México 54948, Mexico",19.6264908118,-99.1465733416,Descargando,En Ruta,Entrega en curso,Tránsito,baja,
GAS ENCO ESTADIO PUEBLA,cliente,"Calzada Ignacio Zaragoza 399A, San Pedro, Puebla 72210, Mexico",19.0738595537,-98.1713293333,Descargando,En Ruta,Entrega en curso,Tránsito,baja,
GAS GASECO GNV SAN RAFAEL MORELIA,cliente,"Periférico Paseo De La República 982, San Rafael, Morelia, Michoacán De Ocampo 58255, Mexico",19.7005921289,-101.1547755,Descargando,En Ruta,Entrega en curso,Tránsito,baja,
GAS BLUE GAS URUAPAN MICH,cliente,"Calle Libramiento Oriente, Aeropuerto, Uruapan, Michoacán De Ocampo 60160, Mexico",19.390954728,-102.03916151,Descargando,En Ruta,Entrega en curso,Tránsito,baja,
GAS NATGAS GNV AGUASC. XXI NORTE,cliente,"3Er Anillo Periférico, Avicola Aguascalientes, Aguascalientes 20364, Mexico",21.944194787,-102.289619463,Descargando,En Ruta,Entrega en curso,Tránsito,baja,
GAS ENCO GNV LINCON MTY,cliente,"Avenida Abraham Lincoln 14760, Paseo De San Bernabé, Monterrey, Nuevo León 64103, Mexico",25.7701990965,-100.420106692,Descargando,En Ruta,Entrega en curso,Tránsito,baja,
GAS CUGAS GNV QUERETARO,cliente,"Mex-57, Jofrito, Querétaro 76210, Mexico",20.8608353651,-100.427430387,Descargando,En Ruta,Entrega en curso,Tránsito,baja,
GAS ENCO GNV TLAQUEPAQUE,cliente,"Prolongación Gobernador Curiel 246, Prado De La Luna, Tlaquepaque, Jalisco 45610, Mexico",20.5844367289,-103.353697373,Descargando,En Ruta,Entrega en curso,Tránsito,baja,
GAS ENCO GNV MONTERREY,cliente,"Avenida Adolfo Ruíz Cortines 500, Fracc Privadas De San Miguel, Guadalupe, Nuevo León 67130, Mexico",25.7052105957,-100.158641139,Descargando,En Ruta,Entrega en curso,Tránsito,baja,
GAS GANAMEX GNV MONTERREY,cliente,"Nl-196, Ciénega De Flores, Nuevo León, Mexico",25.9365797978,-100.212612564,Descargando,En Ruta,Entrega en curso,Tránsito,baja,
GAS ENCO GNV BERNARDO REYES MTY,cliente,"Avenida General Bernardo Reyes 5687, Constituyentes Del 57, Monterrey, Nuevo León 64260, Mexico",25.7290826053,-100.331755541,Descargando,En Ruta,Entrega en curso,Tránsito,baja,
GAS ENERGY PLUS GNV MONTERREY,cliente,"Carretera Apodaca Huinalá Villa Juárez, Pueblo Huinalá, Apodaca, Nuevo León 66640, Mexico",25.7749577968,-100.182016336,Descargando,En Ruta,Entrega en curso,Tránsito,baja,
GASECO MANANTIALES MOR MICH,cliente,"Periférico Paseo De La República 650, Ejido La Quemada, Morelia, Michoacán De Ocampo 58337, Mexico",19.6899962823,-101.239322774,Descargando,En Ruta,Entrega en curso,Tránsito,baja,
GAS GNU MORELIA II MICH,cliente,"Periférico Paseo De La República, Elías Pérez Ávalos, Morelia, Michoacán De Ocampo 58218, Mexico",19.7118824021,-101.167473835,Descargando,En Ruta,Entrega en curso,Tránsito,baja,
GAS MAX GNV SLP,cliente,"Mex-57, San Luis Potosí, Mexico",22.046326976,-100.856359622,Descargando,En Ruta,Entrega en curso,Tránsito,baja,
GAS ITER GNV TOLUCA EDOMEX,cliente,"Calle Felipe Chávez, Ejd Buenavista, Toluca, México 50071, Mexico",19.2987511948,-99.6268928451,Descargando,En Ruta,Entrega en curso,Tránsito,baja,
GAS GASECO GNV APIZACO TLAX,cliente,"Boulevard De La Libertad, Fraccionamiento La Noria Ii, Yauhquemehcan, Tlaxcala 90450, Mexico",19.4134006636,-98.1589008008,Descargando,En Ruta,Entrega en curso,Tránsito,baja,
GAS GHASE GNV SANTA CATARINA MTY,cliente,"Mex-40, Zona Industrial El Obispo, Santa Catarina, Nuevo León 66367, Mexico",25.6932007891,-100.511634409,Descargando,En Ruta,Entrega en curso,Tránsito,baja,
GAS GHASE GNV ESCOBEDO MTY,cliente,"Calzada General Guadalupe Victoria 1012, Industrial, Monterrey, Nuevo León 64299, Mexico",25.6900979788,-100.32199557,Descargando,En Ruta,Entrega en curso,Tránsito,baja,
GAS RINO GNV ENERGY SALTILLO,cliente,"Boulevard Vito Alessio Robles 3045C, Nazario S Ortiz Garza, Saltillo, Coahuila De Zaragoza 25100, Mexico",25.4567315087,-101.000574574,Descargando,En Ruta,Entrega en curso,Tránsito,baja,
GAS MAX GNV CUAUTITLAN MEX,cliente,"Avenida De La Joya, Barrio San José Milla, Cuautitlán, México 54870, Mexico",19.6579548878,-99.1712518242,Descargando,En Ruta,Entrega en curso,Tránsito,baja,
GAS NATGAS AGUASC. SUR,cliente,"Boulevard José María Chávez, San Francisco Del Arenal, Aguascalientes 20280, Mexico",21.8343213418,-102.289151386,Descargando,En Ruta,Entrega en curso,Tránsito,baja,
GAS GULF GNV NATURAL MTY,cliente,"Carretera Monterrey-Colombia 850A, Villa Simeprodeso (Colectivo Nuevo), Salinas Victoria, Nuevo León 65500, Mexico",25.8497001765,-100.293185325,Descargando,En Ruta,Entrega en curso,Tránsito,baja,
GAS ITER GNV LERMA,cliente,"Autopista México-Toluca, La Estación, Lerma, México 52006, Mexico",19.2819812962,-99.5191372627,Descargando,En Ruta,Entrega en curso,Tránsito,baja,
GAS BOREAL GNV SAN PEDRITO,cliente,"Carretera Libre A Los Altos, San Pedrito, Tlaquepaque, Jalisco 45625, Mexico",20.6204629075,-103.288326119,Descargando,En Ruta,Entrega en curso,Tránsito,baja,
GAS GNV SIMSA MORELIA,cliente,"Calle Oriente 4 1380, Ciudad Industrial, Morelia, Michoacán De Ocampo 58200, Mexico",19.7369247784,-101.127644006,Descargando,En Ruta,Entrega en curso,Tránsito,baja,
GAS GNC ONE COPPER SIMSA TORREON,cliente,"Calle Adolfo Aymes 151, Ciudad Industrial, Torreón, Coahuila De Zaragoza 27019, Mexico",25.5865717381,-103.395956407,Descargando,En Ruta,Entrega en curso,Tránsito,baja,
GAS GNV TALLER VIVEBUS,taller,"Ferrocarril, Mármol Viejo, Chihuahua 31063, Mexico",28.6305638208,-106.033776687,En Agencia,Disponible,Servicio agencia,Esperando asignación,media,
GAS ENA GNV EJERCITO JUAREZ,cliente,"Avenida Francisco Villarreal Torres, Fraccionamiento Misión De Los Lagos, Juárez, Chihuahua 32668, Mexico",31.6786631204,-106.387486707,Descargando,En Ruta,Entrega en curso,Tránsito,baja,
GAS ENA SIGLO XXl CDJUAREZ,cliente,"Mex-45, Victoria, Juárez, Chihuahua 32695, Mexico",31.6010274115,-106.454335335,Descargando,En Ruta,Entrega en curso,Tránsito,baja,
GAS SIMSA GNV HERMOSILLO,cliente,"Calle De Los Olivos, Parque Industrial De Hermosillo, Hermosillo, Sonora 83118, Mexico",29.019171468,-110.904885186,Descargando,En Ruta,Entrega en curso,Tránsito,baja,
GAS GNV Chalco,cliente,"Carretera Ciudad De México-Tlalmanalco, Casco De San Juan, Chalco, México 56600, Mexico",19.2601670671,-98.8801536059,Descargando,En Ruta,Entrega en curso,Tránsito,baja,
GAS GNV SIGLO XXl CD JUAREZ,cliente,"Mex-45, Fracc Valle Dorado Ii, Juárez, Chihuahua 32674, Mexico",31.5777316246,-106.451249397,Descargando,En Ruta,Entrega en curso,Tránsito,baja,
GAS NATGAS GNV QUERETARO,cliente,"Mex-45D, El Marqués, Querétaro, Mexico",20.5720787796,-100.265142456,Descargando,En Ruta,Entrega en curso,Tránsito,baja,
GAS BOREAL GNV ZAPOPAN,cliente,"Mex-15, San Juan De Ocotán, Zapopan, Jalisco 45019, Mexico",20.7074034741,-103.465182104,Descargando,En Ruta,Entrega en curso,Tránsito,baja,
GRUAS AGM MORELIA,cliente,"Carretera Salamanca-Morelia, Tarímbaro, Michoacán De Ocampo, Mexico",19.842620771,-101.155604913,Descargando,En Ruta,Entrega en curso,Tránsito,baja,
GRUAS ALEX SAN LUIS POTOSI,cliente,"Carretera A Enrique Estrada, San Luis Potosí, Mexico",22.2475201103,-100.93426372,Descargando,En Ruta,Entrega en curso,Tránsito,baja,
PENSION LAZARO CARDENAS MICH,cliente,"Calle Las Rosas, Villa Tecnológico, Lázaro Cárdenas, Michoacán De Ocampo 60997, Mexico",17.9756028981,-102.23497201,Descargando,En Ruta,Entrega en curso,Tránsito,baja,
PENSION LA GRAN TRACTOPENSION SLP,cliente,"Mex-57, San Luis Potosí, Mexico",22.0119699756,-100.839158561,Descargando,En Ruta,Entrega en curso,Tránsito,baja,
PENSION LA LLAVE 1,cliente,"Prolongación Camino Agua Amarilla, Tlajomulco De Zúñiga, Jalisco, Mexico",20.5698292002,-103.36954488,Descargando,En Ruta,Entrega en curso,Tránsito,baja,
PENSION URUAPAN MICH,cliente,PENSION URUAPAN,19.4195745159,-102.000122193,Descargando,En Ruta,Entrega en curso,Tránsito,baja,
PENSIÓN LAS JACARANDAS MICH,cliente,"Carretera Salamanca-Morelia, Tarímbaro, Michoacán De Ocampo, Mexico",19.8520609354,-101.150050137,Descargando,En Ruta,Entrega en curso,Tránsito,baja,
PENSION EL COLORADO QUERETARO,cliente,"Mex-45D, El Marqués, Querétaro, Mexico",20.5684383112,-100.251932596,Descargando,En Ruta,Entrega en curso,Tránsito,baja,
PENSION SANTIAGO EDOMEX,cliente,"Avenida Recursos Hidráulicos, Tabla La Loma, Tultitlán, México 54980, Mexico",19.638808135,-99.1509028039,Descargando,En Ruta,Entrega en curso,Tránsito,baja,
PENSION CADIZ PUEBLA,cliente,"Esq. Francisco I. Madero, C 27 NORTE. 67, Santa María La Rivera, Puebla 72010, Mexico",19.078264634,-98.2008893465,Descargando,En Ruta,Entrega en curso,Tránsito,baja,
REST LA CAPILLA DE GUADALUPE,cliente,"Mex-37D, La Unión De Isidoro Montes De Oca, Guerrero, Mexico",17.9861765512,-102.011080622,Descargando,En Ruta,Entrega en curso,Tránsito,baja,
PENSION MOBIL HT MTY,cliente,"Carretera Monterrey-Saltillo, Parque Industrial Santa Catarina, Santa Catarina, Nuevo León 66367, Mexico",25.6861361617,-100.47176479,Descargando,En Ruta,Entrega en curso,Tránsito,baja,
PENSION CARACOLITO MTY,cliente,"Boulevard López Portillo, Moisés Sáenz, Apodaca, Nuevo León 66613, Mexico",25.8370148143,-100.256258778,Descargando,En Ruta,Entrega en curso,Tránsito,baja,
PARADOR MIXTECO EDOMEX,cliente,"Mex-57D, Teoloyucan, México, Mexico",19.7615075444,-99.2141081971,Descargando,En Ruta,Entrega en curso,Tránsito,baja,
CACHIMBA SAN PEDRO XXI MICH,cliente,"Mex-37D, La Huacana, Michoacán De Ocampo, Mexico",18.7863735223,-102.051007243,Descargando,En Ruta,Entrega en curso,Tránsito,baja,
PENSION LOS PINOS EDOMEX,cliente,"Carretera Zumpango-Melchor Ocampo, Zumpango, México, Mexico",19.7590651183,-99.1254415507,Descargando,En Ruta,Entrega en curso,Tránsito,baja,
PENSION LA CIENEGA MTY,cliente,"Mex-85, Moisés Sáenz, Apodaca, Nuevo León 66613, Mexico",25.8559943627,-100.240111316,Descargando,En Ruta,Entrega en curso,Tránsito,baja,
PENSION CHACHAPA PUEBLA,cliente,"Carril De San Cristóbal, Zona Industrial Chachapa, Puebla 72290, Mexico",19.0595860597,-98.1022784143,Descargando,En Ruta,Entrega en curso,Tránsito,baja,
PARADOR POTOSINO OTE SLP,cliente,"Mex-57D, San Luis Potosí, Mexico",22.1305273032,-100.825152481,Descargando,En Ruta,Entrega en curso,Tránsito,baja,
PENSION K18 QUERETARO,cliente,"Carretera Libramiento Sur Poniente, Corregidora, Querétaro, Mexico",20.5652690519,-100.481579313,Descargando,En Ruta,Entrega en curso,Tránsito,baja,
PARADOR TURISTICO SAN PEDRO NL.,cliente,"Mex-57, Galeana, Nuevo León, Mexico",24.494086274,-100.295965254,Descargando,En Ruta,Entrega en curso,Tránsito,baja,
PENSION DEL NORTE MTY,cliente,"Mex-85, Moisés Sáenz, Apodaca, Nuevo León 66613, Mexico",25.8372590369,-100.25531506,Descargando,En Ruta,Entrega en curso,Tránsito,baja,
GASOLINERAS LA PRIMAVERA STA CASILDA,cliente,"Mex-37D, Nuevo Urecho, Michoacán De Ocampo, Mexico",19.1955432777,-101.918145864,Descargando,En Ruta,Entrega en curso,Tránsito,baja,
PENSION MEXIQUENSE EDOMEX,cliente,"Calle Hacienda Portales, San Mateo Cuautepec, Tultitlán, México 54948, Mexico",19.6391389468,-99.1487640242,Descargando,En Ruta,Entrega en curso,Tránsito,baja,
PENSION DE LEON,cliente,"Boulevard Miguel De Cervantes Saavedra, Ciudad Industrial, León, Guanajuato 37564, Mexico",21.0720380053,-101.681336894,Descargando,En Ruta,Entrega en curso,Tránsito,baja,
LLANTERA SAN JUDAS,cliente,"Mex-57, Ejido La Paz, Galeana, Nuevo León 67864, Mexico",24.9544023811,-100.462082326,Descargando,En Ruta,Entrega en curso,Tránsito,baja,
PARADOR TURISTICO SAN PEDRO PALMILLAS,cliente,"Mex-57D, San Juan Del Río, Querétaro, Mexico",20.3123256166,-99.9344176249,Descargando,En Ruta,Entrega en curso,Tránsito,baja,
PENSION EL DOLLAR MTY,cliente,"Libramiento Noreste, Emiliano Zapata, General Escobedo, Nuevo León 66052, Mexico",25.8274800399,-100.288534291,Descargando,En Ruta,Entrega en curso,Tránsito,baja,
COMEDOR LUPITAS  PISTA SIGLO XXI,cliente,"Mex-37D, Arteaga, Michoacán De Ocampo, Mexico",18.5688799102,-101.969011888,Descargando,En Ruta,Entrega en curso,Tránsito,baja,
PENSION MAX STORE LA ESTANCIA,cliente,"Mex-57, Villa De Guadalupe, San Luis Potosí, Mexico",23.166512205,-100.527115732,Descargando,En Ruta,Entrega en curso,Tránsito,baja,
PENSION MOBIL PEOTILLOS,cliente,"Mex-57, Guadalcázar, San Luis Potosí, Mexico",22.5872762789,-100.602557961,Descargando,En Ruta,Entrega en curso,Tránsito,baja,
CRUCERO SAN ROBERTO,cliente,"Mex-57, Galeana, Nuevo León, Mexico",24.6785218594,-100.304647751,Descargando,En Ruta,Entrega en curso,Tránsito,baja,
PENSION EJIDAL TOLUCA,cliente,"Calle Profa. Manuela Ruiz Méndez, La Estación, Lerma, México 52006, Mexico",19.2839052325,-99.5182417766,Descargando,En Ruta,Entrega en curso,Tránsito,baja,
CACHIMBA MATEHUALA,cliente,"Mex-57, Matehuala, San Luis Potosí, Mexico",23.374383117,-100.58423698,Descargando,En Ruta,Entrega en curso,Tránsito,baja,
PENSION EL TRIANGULO,cliente,"Calle De La Ll Avenue 150, La Llave, Tlaquepaque, Jalisco 45618, Mexico",20.5740308316,-103.346659898,Descargando,En Ruta,Entrega en curso,Tránsito,baja,
PENSION CADIZ PUEBLA II,cliente,"Calle 27 Norte 69, Santa María La Rivera, Puebla 72010, Mexico",19.0791593645,-98.2008338721,Descargando,En Ruta,Entrega en curso,Tránsito,baja,
TRACTO PENSION CULIACAN,cliente,"Boulevard Jesús Kumate Rodríguez, Fraccionamiento Bugambilias, Culiacán, Sinaloa 80145, Mexico",24.7662495621,-107.447806562,Descargando,En Ruta,Entrega en curso,Tránsito,baja,
PENSION PARADOR YESENIA,cliente,"Mex-57, Galeana, Nuevo León, Mexico",24.3924492503,-100.395534342,Descargando,En Ruta,Entrega en curso,Tránsito,baja,
PARADOR REST LAURA,cliente,"Mex-37D, Arteaga, Michoacán De Ocampo, Mexico",18.5517457398,-101.971581777,Descargando,En Ruta,Entrega en curso,Tránsito,baja,
PARADOR EL TRIANGULO DORADO,cliente,"Mex-37D, Múgica, Michoacán De Ocampo, Mexico",18.9429801281,-102.084608069,Descargando,En Ruta,Entrega en curso,Tránsito,baja,
PARADOR REST CARMELITA,cliente,"Mex-37D, Múgica, Michoacán De Ocampo, Mexico",18.9727367863,-102.087889364,Descargando,En Ruta,Entrega en curso,Tránsito,baja,
PENSION LA LLAVE 2,cliente,"Calle Incalpa 91, La Llave, Tlaquepaque, Jalisco 45618, Mexico",20.5752562604,-103.349116801,Descargando,En Ruta,Entrega en curso,Tránsito,baja,
PENSION GASOLINERA RODRIGUEZ,cliente,"Mex-57, Doctor Arroyo, Nuevo León, Mexico",24.0340705867,-100.403000538,Descargando,En Ruta,Entrega en curso,Tránsito,baja,
PENSION DE TRAILERS PAOLA TULTITLAN,cliente,"Avenida Lago De Guadalupe, Ejido Teyahualco, Tultitlán, México 54900, Mexico",19.6483244052,-99.1432416515,Descargando,En Ruta,Entrega en curso,Tránsito,baja,
PENSION EL MEXIQUENSE,cliente,"Mex-57D, Polotitlán, México, Mexico",20.246928083,-99.8369204289,Descargando,En Ruta,Entrega en curso,Tránsito,baja,
PENSION MIGUEL PLATA,cliente,"Carretera Lázaro Cárdenas-Zihuatanejo, Barrio San Francisco, La Unión De Isidoro Montes De Oca, Guerrero 40812, Mexico",17.9785498244,-102.129805825,Descargando,En Ruta,Entrega en curso,Tránsito,baja,
PEMEX BURGUER KING SLP,cliente,,23.807458,-100.564369,Descargando,En Ruta,Entrega en curso,Tránsito,baja,
PENSION K20 CD JUAREZ,cliente,"Carretera Ciudad Juárez-Janos 414, Kilómetro 20, Juárez, Chihuahua 32695, Mexico",31.6053151196,-106.45509862,Descargando,En Ruta,Entrega en curso,Tránsito,baja,
PARADOR DEL DESIERTO,cliente,"Mex-37D, La Huacana, Michoacán De Ocampo, Mexico",18.6891182216,-102.011483103,Descargando,En Ruta,Entrega en curso,Tránsito,baja,
PARADOR POPEYES QRO,cliente,"Mex-57D, Polotitlán, México, Mexico",20.2676373593,-99.8680619102,Descargando,En Ruta,Entrega en curso,Tránsito,baja,
GASOLINERA MORELIA,cliente,"Mex-15D, La Barca, Jalisco, Mexico",20.3228570695,-102.510592288,Descargando,En Ruta,Entrega en curso,Tránsito,baja,
PENSION SILAO,cliente,"Mex-45, Barrio Purísima Del Progreso, Irapuato, Guanajuato 36810, Mexico",20.7896976611,-101.328214625,Descargando,En Ruta,Entrega en curso,Tránsito,baja,
PENSION LA LLAVE ARTEZANOS,cliente,"Calle De Los Artesanos 5956, Lomas Del 4, Tlaquepaque, Jalisco 45599, Mexico",20.5820411493,-103.351074362,Descargando,En Ruta,Entrega en curso,Tránsito,baja,
PLANTA DE ASFALTO ASPASU  ELAM FAW,taller,"Avenida Tellez-Tlaquilpan, Zempoala, Hidalgo, Mexico",19.9624168799,-98.7670375108,En Taller,Disponible,Mantenimiento,Esperando asignación,media,
PLANTA ELAM FAW PACHUCA,taller,ARMADORA DE TRACTOCAMIONES,20.0130889101,-98.8213388541,En Taller,Disponible,Mantenimiento,Esperando asignación,media,
TALLER QUINTANAR TQPQ JAL,taller,"Calle San Carlos 380A, Valle De La Misericordia, Tlaquepaque, Jalisco 45615, Mexico",20.5580881118,-103.349659247,En Agencia,Disponible,Servicio agencia,Esperando asignación,media,
TALLER  JALMICH TQPQ JAL,taller,"Calle Valle De San Lázaro 243, Fraccionamiento Real Del Valle, Tlajomulco De Zúñiga, Jalisco 45654, Mexico",20.5519180467,-103.368411643,En Agencia,Disponible,Servicio agencia,Esperando asignación,media,
TALLER MIGUEL PLATA MOR MICH,taller,"Periférico Paseo De La República 650, Ejido La Quemada, Morelia, Michoacán De Ocampo 58337, Mexico",19.6900518406,-101.239397876,En Agencia,Disponible,Servicio agencia,Esperando asignación,media,
TALLER MECANICO AV INGLATERRA,taller,"Avenida Inglaterra 3176, Fraccionamiento Vallarta Poniente, Guadalajara, Jalisco 44110, Mexico",20.672710387,-103.394106243,En Agencia,Disponible,Servicio agencia,Esperando asignación,media,
TALLERES SAUCEDO URUAPAN,taller,"Calle Villamar 26, San Rafael, Uruapan, Michoacán De Ocampo 60137, Mexico",19.4209757781,-102.014401334,En Agencia,Disponible,Servicio agencia,Esperando asignación,media,
DE GASERA GMU A PENSION JACARANDAS,cliente,,19.85309,-101.14414,Descargando,En Ruta,Entrega en curso,Tránsito,baja,
GRS,cliente,,19.0593713641,-98.2886498049,Descargando,En Ruta,Entrega en curso,Tránsito,baja,
RUTA A AGS,ruta,,17.9689,-102.18694,En Ruta,En Ruta,Siguiendo ruta,Tránsito,media,Ruta definida
RUTA A ASFALTOS,ruta,,19.9299491486,-98.8923976561,En Ruta,En Ruta,Siguiendo ruta,Tránsito,media,Ruta definida
RUTA A LEON,ruta,,19.8969188808,-101.146224258,En Ruta,En Ruta,Siguiendo ruta,Tránsito,media,Ruta definida
RUTA GRUPO MAZA SLP,ruta,,22.1181473166,-100.92634404,En Ruta,En Ruta,Siguiendo ruta,Tránsito,media,Ruta definida
Ruta LZO-PBL,ruta,,17.97505,-102.2356116,En Ruta,En Ruta,Siguiendo ruta,Tránsito,media,Ruta definida
RUTA LZO-SLP,ruta,,17.97568,-102.23555,En Ruta,En Ruta,Siguiendo ruta,Tránsito,media,Ruta definida
RUTA PEISA FOODS,ruta,,18.9719517306,-98.1980467545,En Ruta,En Ruta,Siguiendo ruta,Tránsito,media,Ruta definida
Rutas bodega MG,ruta,,19.4947504641,-99.1689505525,En Ruta,En Ruta,Siguiendo ruta,Tránsito,media,Ruta definida
